type,severity,w_identity,w_salt,w_blur,w_occlusion
clean,-,0.9586928,0.0004728362,0.009573576,0.03126077
salt,low,0.027550858,0.96670336,0.0017333754,0.0040124045
salt,medium,0.00057525106,0.99856514,0.0001257278,0.0007338815
salt,high,4.9489745e-06,0.9998171,2.2767908e-06,0.00017569431
blur,low,0.5264618,0.0006145829,0.4658392,0.0070843925
blur,medium,0.20610869,0.00014271455,0.7913628,0.0023857874
blur,high,0.13083485,9.4285446e-05,0.8671183,0.0019525924
occlusion,low,0.6484086,0.0008353942,0.0040387665,0.34671718
occlusion,medium,0.23482434,0.0006150757,0.0011273248,0.7634333
occlusion,high,0.044008825,0.00027914933,0.0002570459,0.95545495
